sample-id	forward-absolute-filepath	reverse-absolute-filepath
sr31a1	/home/sunscript/fula/fastq/sr31a1_R1.fastq.gz	/home/sunscript/fula/fastq/sr31a1_R2.fastq.gz
sr31a2	/home/sunscript/fula/fastq/sr31a2_R1.fastq.gz	/home/sunscript/fula/fastq/sr31a2_R2.fastq.gz
sr31c1	/home/sunscript/fula/fastq/sr31c1_R1.fastq.gz	/home/sunscript/fula/fastq/sr31c1_R2.fastq.gz
sr31c2	/home/sunscript/fula/fastq/sr31c2_R1.fastq.gz	/home/sunscript/fula/fastq/sr31c2_R2.fastq.gz
sr32a1	/home/sunscript/fula/fastq/sr32a1_R1.fastq.gz	/home/sunscript/fula/fastq/sr32a1_R2.fastq.gz
sr32a2	/home/sunscript/fula/fastq/sr32a2_R1.fastq.gz	/home/sunscript/fula/fastq/sr32a2_R2.fastq.gz
sr32c1	/home/sunscript/fula/fastq/sr32c1_R1.fastq.gz	/home/sunscript/fula/fastq/sr32c1_R2.fastq.gz
sr32c2	/home/sunscript/fula/fastq/sr32c2_R1.fastq.gz	/home/sunscript/fula/fastq/sr32c2_R2.fastq.gz
sr33a1	/home/sunscript/fula/fastq/sr33a1_R1.fastq.gz	/home/sunscript/fula/fastq/sr33a1_R2.fastq.gz
sr33a2	/home/sunscript/fula/fastq/sr33a2_R1.fastq.gz	/home/sunscript/fula/fastq/sr33a2_R2.fastq.gz
sr33c1	/home/sunscript/fula/fastq/sr33c1_R1.fastq.gz	/home/sunscript/fula/fastq/sr33c1_R2.fastq.gz
sr33c2	/home/sunscript/fula/fastq/sr33c2_R1.fastq.gz	/home/sunscript/fula/fastq/sr33c2_R2.fastq.gz
sr34a1	/home/sunscript/fula/fastq/sr34a1_R1.fastq.gz	/home/sunscript/fula/fastq/sr34a1_R2.fastq.gz
sr34a2	/home/sunscript/fula/fastq/sr34a2_R1.fastq.gz	/home/sunscript/fula/fastq/sr34a2_R2.fastq.gz
sr34c1	/home/sunscript/fula/fastq/sr34c1_R1.fastq.gz	/home/sunscript/fula/fastq/sr34c1_R2.fastq.gz
sr34c2	/home/sunscript/fula/fastq/sr34c2_R1.fastq.gz	/home/sunscript/fula/fastq/sr34c2_R2.fastq.gz
sr35a1	/home/sunscript/fula/fastq/sr35a1_R1.fastq.gz	/home/sunscript/fula/fastq/sr35a1_R2.fastq.gz
sr35a2	/home/sunscript/fula/fastq/sr35a2_R1.fastq.gz	/home/sunscript/fula/fastq/sr35a2_R2.fastq.gz
sr35c1	/home/sunscript/fula/fastq/sr35c1_R1.fastq.gz	/home/sunscript/fula/fastq/sr35c1_R2.fastq.gz
sr35c2	/home/sunscript/fula/fastq/sr35c2_R1.fastq.gz	/home/sunscript/fula/fastq/sr35c2_R2.fastq.gz
sr36a1	/home/sunscript/fula/fastq/sr36a1_R1.fastq.gz	/home/sunscript/fula/fastq/sr36a1_R2.fastq.gz
sr36a2	/home/sunscript/fula/fastq/sr36a2_R1.fastq.gz	/home/sunscript/fula/fastq/sr36a2_R2.fastq.gz
sr36c1	/home/sunscript/fula/fastq/sr36c1_R1.fastq.gz	/home/sunscript/fula/fastq/sr36c1_R2.fastq.gz
sr36c2	/home/sunscript/fula/fastq/sr36c2_R1.fastq.gz	/home/sunscript/fula/fastq/sr36c2_R2.fastq.gz
sr37a1	/home/sunscript/fula/fastq/sr37a1_R1.fastq.gz	/home/sunscript/fula/fastq/sr37a1_R2.fastq.gz
sr37a2	/home/sunscript/fula/fastq/sr37a2_R1.fastq.gz	/home/sunscript/fula/fastq/sr37a2_R2.fastq.gz
sr37c1	/home/sunscript/fula/fastq/sr37c1_R1.fastq.gz	/home/sunscript/fula/fastq/sr37c1_R2.fastq.gz
sr37c2	/home/sunscript/fula/fastq/sr37c2_R1.fastq.gz	/home/sunscript/fula/fastq/sr37c2_R2.fastq.gz
sr38a1	/home/sunscript/fula/fastq/sr38a1_R1.fastq.gz	/home/sunscript/fula/fastq/sr38a1_R2.fastq.gz
sr38a2	/home/sunscript/fula/fastq/sr38a2_R1.fastq.gz	/home/sunscript/fula/fastq/sr38a2_R2.fastq.gz
sr38c1	/home/sunscript/fula/fastq/sr38c1_R1.fastq.gz	/home/sunscript/fula/fastq/sr38c1_R2.fastq.gz
sr38c2	/home/sunscript/fula/fastq/sr38c2_R1.fastq.gz	/home/sunscript/fula/fastq/sr38c2_R2.fastq.gz
sr39a1	/home/sunscript/fula/fastq/sr39a1_R1.fastq.gz	/home/sunscript/fula/fastq/sr39a1_R2.fastq.gz
sr39a2	/home/sunscript/fula/fastq/sr39a2_R1.fastq.gz	/home/sunscript/fula/fastq/sr39a2_R2.fastq.gz
sr39c1	/home/sunscript/fula/fastq/sr39c1_R1.fastq.gz	/home/sunscript/fula/fastq/sr39c1_R2.fastq.gz
sr39c2	/home/sunscript/fula/fastq/sr39c2_R1.fastq.gz	/home/sunscript/fula/fastq/sr39c2_R2.fastq.gz
sr40a1	/home/sunscript/fula/fastq/sr40a1_R1.fastq.gz	/home/sunscript/fula/fastq/sr40a1_R2.fastq.gz
sr40a2	/home/sunscript/fula/fastq/sr40a2_R1.fastq.gz	/home/sunscript/fula/fastq/sr40a2_R2.fastq.gz
sr40c1	/home/sunscript/fula/fastq/sr40c1_R1.fastq.gz	/home/sunscript/fula/fastq/sr40c1_R2.fastq.gz
sr40c2	/home/sunscript/fula/fastq/sr40c2_R1.fastq.gz	/home/sunscript/fula/fastq/sr40c2_R2.fastq.gz
sr41a1	/home/sunscript/fula/fastq/sr41a1_R1.fastq.gz	/home/sunscript/fula/fastq/sr41a1_R2.fastq.gz
sr41a2	/home/sunscript/fula/fastq/sr41a2_R1.fastq.gz	/home/sunscript/fula/fastq/sr41a2_R2.fastq.gz
sr41c1	/home/sunscript/fula/fastq/sr41c1_R1.fastq.gz	/home/sunscript/fula/fastq/sr41c1_R2.fastq.gz
sr41c2	/home/sunscript/fula/fastq/sr41c2_R1.fastq.gz	/home/sunscript/fula/fastq/sr41c2_R2.fastq.gz
sr42a1	/home/sunscript/fula/fastq/sr42a1_R1.fastq.gz	/home/sunscript/fula/fastq/sr42a1_R2.fastq.gz
sr42a2	/home/sunscript/fula/fastq/sr42a2_R1.fastq.gz	/home/sunscript/fula/fastq/sr42a2_R2.fastq.gz
sr42c1	/home/sunscript/fula/fastq/sr42c1_R1.fastq.gz	/home/sunscript/fula/fastq/sr42c1_R2.fastq.gz
sr42c2	/home/sunscript/fula/fastq/sr42c2_R1.fastq.gz	/home/sunscript/fula/fastq/sr42c2_R2.fastq.gz
sr43a1	/home/sunscript/fula/fastq/sr43a1_R1.fastq.gz	/home/sunscript/fula/fastq/sr43a1_R2.fastq.gz
sr43a2	/home/sunscript/fula/fastq/sr43a2_R1.fastq.gz	/home/sunscript/fula/fastq/sr43a2_R2.fastq.gz
sr43c1	/home/sunscript/fula/fastq/sr43c1_R1.fastq.gz	/home/sunscript/fula/fastq/sr43c1_R2.fastq.gz
sr43c2	/home/sunscript/fula/fastq/sr43c2_R1.fastq.gz	/home/sunscript/fula/fastq/sr43c2_R2.fastq.gz
sr44a1	/home/sunscript/fula/fastq/sr44a1_R1.fastq.gz	/home/sunscript/fula/fastq/sr44a1_R2.fastq.gz
sr44c1	/home/sunscript/fula/fastq/sr44c1_R1.fastq.gz	/home/sunscript/fula/fastq/sr44c1_R2.fastq.gz
sr45a1	/home/sunscript/fula/fastq/sr45a1_R1.fastq.gz	/home/sunscript/fula/fastq/sr45a1_R2.fastq.gz
sr45a2	/home/sunscript/fula/fastq/sr45a2_R1.fastq.gz	/home/sunscript/fula/fastq/sr45a2_R2.fastq.gz
sr45c1	/home/sunscript/fula/fastq/sr45c1_R1.fastq.gz	/home/sunscript/fula/fastq/sr45c1_R2.fastq.gz
sr45c2	/home/sunscript/fula/fastq/sr45c2_R1.fastq.gz	/home/sunscript/fula/fastq/sr45c2_R2.fastq.gz
sr46a1	/home/sunscript/fula/fastq/sr46a1_R1.fastq.gz	/home/sunscript/fula/fastq/sr46a1_R2.fastq.gz
sr46a2	/home/sunscript/fula/fastq/sr46a2_R1.fastq.gz	/home/sunscript/fula/fastq/sr46a2_R2.fastq.gz
sr46c1	/home/sunscript/fula/fastq/sr46c1_R1.fastq.gz	/home/sunscript/fula/fastq/sr46c1_R2.fastq.gz
sr46c2	/home/sunscript/fula/fastq/sr46c2_R1.fastq.gz	/home/sunscript/fula/fastq/sr46c2_R2.fastq.gz
sr47a1	/home/sunscript/fula/fastq/sr47a1_R1.fastq.gz	/home/sunscript/fula/fastq/sr47a1_R2.fastq.gz
sr47c1	/home/sunscript/fula/fastq/sr47c1_R1.fastq.gz	/home/sunscript/fula/fastq/sr47c1_R2.fastq.gz
sr48a1	/home/sunscript/fula/fastq/sr48a1_R1.fastq.gz	/home/sunscript/fula/fastq/sr48a1_R2.fastq.gz
sr48a2	/home/sunscript/fula/fastq/sr48a2_R1.fastq.gz	/home/sunscript/fula/fastq/sr48a2_R2.fastq.gz
sr48c1	/home/sunscript/fula/fastq/sr48c1_R1.fastq.gz	/home/sunscript/fula/fastq/sr48c1_R2.fastq.gz
sr48c2	/home/sunscript/fula/fastq/sr48c2_R1.fastq.gz	/home/sunscript/fula/fastq/sr48c2_R2.fastq.gz
sr49a1	/home/sunscript/fula/fastq/sr49a1_R1.fastq.gz	/home/sunscript/fula/fastq/sr49a1_R2.fastq.gz
sr49a2	/home/sunscript/fula/fastq/sr49a2_R1.fastq.gz	/home/sunscript/fula/fastq/sr49a2_R2.fastq.gz
sr49c1	/home/sunscript/fula/fastq/sr49c1_R1.fastq.gz	/home/sunscript/fula/fastq/sr49c1_R2.fastq.gz
sr49c2	/home/sunscript/fula/fastq/sr49c2_R1.fastq.gz	/home/sunscript/fula/fastq/sr49c2_R2.fastq.gz
sr50a1	/home/sunscript/fula/fastq/sr50a1_R1.fastq.gz	/home/sunscript/fula/fastq/sr50a1_R2.fastq.gz
sr50a2	/home/sunscript/fula/fastq/sr50a2_R1.fastq.gz	/home/sunscript/fula/fastq/sr50a2_R2.fastq.gz
sr50c1	/home/sunscript/fula/fastq/sr50c1_R1.fastq.gz	/home/sunscript/fula/fastq/sr50c1_R2.fastq.gz
sr50c2	/home/sunscript/fula/fastq/sr50c2_R1.fastq.gz	/home/sunscript/fula/fastq/sr50c2_R2.fastq.gz
sr51a1	/home/sunscript/fula/fastq/sr51a1_R1.fastq.gz	/home/sunscript/fula/fastq/sr51a1_R2.fastq.gz
sr51a2	/home/sunscript/fula/fastq/sr51a2_R1.fastq.gz	/home/sunscript/fula/fastq/sr51a2_R2.fastq.gz
sr51c1	/home/sunscript/fula/fastq/sr51c1_R1.fastq.gz	/home/sunscript/fula/fastq/sr51c1_R2.fastq.gz
sr51c2	/home/sunscript/fula/fastq/sr51c2_R1.fastq.gz	/home/sunscript/fula/fastq/sr51c2_R2.fastq.gz
sr52a1	/home/sunscript/fula/fastq/sr52a1_R1.fastq.gz	/home/sunscript/fula/fastq/sr52a1_R2.fastq.gz
sr52a2	/home/sunscript/fula/fastq/sr52a2_R1.fastq.gz	/home/sunscript/fula/fastq/sr52a2_R2.fastq.gz
sr52c1	/home/sunscript/fula/fastq/sr52c1_R1.fastq.gz	/home/sunscript/fula/fastq/sr52c1_R2.fastq.gz
sr52c2	/home/sunscript/fula/fastq/sr52c2_R1.fastq.gz	/home/sunscript/fula/fastq/sr52c2_R2.fastq.gz
sr53a1	/home/sunscript/fula/fastq/sr53a1_R1.fastq.gz	/home/sunscript/fula/fastq/sr53a1_R2.fastq.gz
sr53a2	/home/sunscript/fula/fastq/sr53a2_R1.fastq.gz	/home/sunscript/fula/fastq/sr53a2_R2.fastq.gz
sr53c1	/home/sunscript/fula/fastq/sr53c1_R1.fastq.gz	/home/sunscript/fula/fastq/sr53c1_R2.fastq.gz
sr53c2	/home/sunscript/fula/fastq/sr53c2_R1.fastq.gz	/home/sunscript/fula/fastq/sr53c2_R2.fastq.gz
sr54a1	/home/sunscript/fula/fastq/sr54a1_R1.fastq.gz	/home/sunscript/fula/fastq/sr54a1_R2.fastq.gz
sr54a2	/home/sunscript/fula/fastq/sr54a2_R1.fastq.gz	/home/sunscript/fula/fastq/sr54a2_R2.fastq.gz
sr54c1	/home/sunscript/fula/fastq/sr54c1_R1.fastq.gz	/home/sunscript/fula/fastq/sr54c1_R2.fastq.gz
sr54c2	/home/sunscript/fula/fastq/sr54c2_R1.fastq.gz	/home/sunscript/fula/fastq/sr54c2_R2.fastq.gz
sr55a1	/home/sunscript/fula/fastq/sr55a1_R1.fastq.gz	/home/sunscript/fula/fastq/sr55a1_R2.fastq.gz
sr55a2	/home/sunscript/fula/fastq/sr55a2_R1.fastq.gz	/home/sunscript/fula/fastq/sr55a2_R2.fastq.gz
sr55c1	/home/sunscript/fula/fastq/sr55c1_R1.fastq.gz	/home/sunscript/fula/fastq/sr55c1_R2.fastq.gz
sr55c2	/home/sunscript/fula/fastq/sr55c2_R1.fastq.gz	/home/sunscript/fula/fastq/sr55c2_R2.fastq.gz
sr56a1	/home/sunscript/fula/fastq/sr56a1_R1.fastq.gz	/home/sunscript/fula/fastq/sr56a1_R2.fastq.gz
sr56a2	/home/sunscript/fula/fastq/sr56a2_R1.fastq.gz	/home/sunscript/fula/fastq/sr56a2_R2.fastq.gz
sr56c1	/home/sunscript/fula/fastq/sr56c1_R1.fastq.gz	/home/sunscript/fula/fastq/sr56c1_R2.fastq.gz
sr56c2	/home/sunscript/fula/fastq/sr56c2_R1.fastq.gz	/home/sunscript/fula/fastq/sr56c2_R2.fastq.gz
sr57a1	/home/sunscript/fula/fastq/sr57a1_R1.fastq.gz	/home/sunscript/fula/fastq/sr57a1_R2.fastq.gz
sr57a2	/home/sunscript/fula/fastq/sr57a2_R1.fastq.gz	/home/sunscript/fula/fastq/sr57a2_R2.fastq.gz
sr57c1	/home/sunscript/fula/fastq/sr57c1_R1.fastq.gz	/home/sunscript/fula/fastq/sr57c1_R2.fastq.gz
sr57c2	/home/sunscript/fula/fastq/sr57c2_R1.fastq.gz	/home/sunscript/fula/fastq/sr57c2_R2.fastq.gz
sr58a1	/home/sunscript/fula/fastq/sr58a1_R1.fastq.gz	/home/sunscript/fula/fastq/sr58a1_R2.fastq.gz
sr58a2	/home/sunscript/fula/fastq/sr58a2_R1.fastq.gz	/home/sunscript/fula/fastq/sr58a2_R2.fastq.gz
sr58c1	/home/sunscript/fula/fastq/sr58c1_R1.fastq.gz	/home/sunscript/fula/fastq/sr58c1_R2.fastq.gz
sr58c2	/home/sunscript/fula/fastq/sr58c2_R1.fastq.gz	/home/sunscript/fula/fastq/sr58c2_R2.fastq.gz
sr59a1	/home/sunscript/fula/fastq/sr59a1_R1.fastq.gz	/home/sunscript/fula/fastq/sr59a1_R2.fastq.gz
sr59c1	/home/sunscript/fula/fastq/sr59c1_R1.fastq.gz	/home/sunscript/fula/fastq/sr59c1_R2.fastq.gz
sr60a1	/home/sunscript/fula/fastq/sr60a1_R1.fastq.gz	/home/sunscript/fula/fastq/sr60a1_R2.fastq.gz
sr60a2	/home/sunscript/fula/fastq/sr60a2_R1.fastq.gz	/home/sunscript/fula/fastq/sr60a2_R2.fastq.gz
sr60c1	/home/sunscript/fula/fastq/sr60c1_R1.fastq.gz	/home/sunscript/fula/fastq/sr60c1_R2.fastq.gz
sr60c2	/home/sunscript/fula/fastq/sr60c2_R1.fastq.gz	/home/sunscript/fula/fastq/sr60c2_R2.fastq.gz
su01a1	/home/sunscript/fula/fastq/su01a1_R1.fastq.gz	/home/sunscript/fula/fastq/su01a1_R2.fastq.gz
su01a2	/home/sunscript/fula/fastq/su01a2_R1.fastq.gz	/home/sunscript/fula/fastq/su01a2_R2.fastq.gz
su01c1	/home/sunscript/fula/fastq/su01c1_R1.fastq.gz	/home/sunscript/fula/fastq/su01c1_R2.fastq.gz
su01c2	/home/sunscript/fula/fastq/su01c2_R1.fastq.gz	/home/sunscript/fula/fastq/su01c2_R2.fastq.gz
su02a1	/home/sunscript/fula/fastq/su02a1_R1.fastq.gz	/home/sunscript/fula/fastq/su02a1_R2.fastq.gz
su02a2	/home/sunscript/fula/fastq/su02a2_R1.fastq.gz	/home/sunscript/fula/fastq/su02a2_R2.fastq.gz
su02c1	/home/sunscript/fula/fastq/su02c1_R1.fastq.gz	/home/sunscript/fula/fastq/su02c1_R2.fastq.gz
su02c2	/home/sunscript/fula/fastq/su02c2_R1.fastq.gz	/home/sunscript/fula/fastq/su02c2_R2.fastq.gz
su03a1	/home/sunscript/fula/fastq/su03a1_R1.fastq.gz	/home/sunscript/fula/fastq/su03a1_R2.fastq.gz
su03a2	/home/sunscript/fula/fastq/su03a2_R1.fastq.gz	/home/sunscript/fula/fastq/su03a2_R2.fastq.gz
su03c1	/home/sunscript/fula/fastq/su03c1_R1.fastq.gz	/home/sunscript/fula/fastq/su03c1_R2.fastq.gz
su03c2	/home/sunscript/fula/fastq/su03c2_R1.fastq.gz	/home/sunscript/fula/fastq/su03c2_R2.fastq.gz
su04a1	/home/sunscript/fula/fastq/su04a1_R1.fastq.gz	/home/sunscript/fula/fastq/su04a1_R2.fastq.gz
su04a2	/home/sunscript/fula/fastq/su04a2_R1.fastq.gz	/home/sunscript/fula/fastq/su04a2_R2.fastq.gz
su04c1	/home/sunscript/fula/fastq/su04c1_R1.fastq.gz	/home/sunscript/fula/fastq/su04c1_R2.fastq.gz
su04c2	/home/sunscript/fula/fastq/su04c2_R1.fastq.gz	/home/sunscript/fula/fastq/su04c2_R2.fastq.gz
su05a1	/home/sunscript/fula/fastq/su05a1_R1.fastq.gz	/home/sunscript/fula/fastq/su05a1_R2.fastq.gz
su05a2	/home/sunscript/fula/fastq/su05a2_R1.fastq.gz	/home/sunscript/fula/fastq/su05a2_R2.fastq.gz
su05c1	/home/sunscript/fula/fastq/su05c1_R1.fastq.gz	/home/sunscript/fula/fastq/su05c1_R2.fastq.gz
su05c2	/home/sunscript/fula/fastq/su05c2_R1.fastq.gz	/home/sunscript/fula/fastq/su05c2_R2.fastq.gz
su06a1	/home/sunscript/fula/fastq/su06a1_R1.fastq.gz	/home/sunscript/fula/fastq/su06a1_R2.fastq.gz
su06a2	/home/sunscript/fula/fastq/su06a2_R1.fastq.gz	/home/sunscript/fula/fastq/su06a2_R2.fastq.gz
su06c1	/home/sunscript/fula/fastq/su06c1_R1.fastq.gz	/home/sunscript/fula/fastq/su06c1_R2.fastq.gz
su06c2	/home/sunscript/fula/fastq/su06c2_R1.fastq.gz	/home/sunscript/fula/fastq/su06c2_R2.fastq.gz
su07a1	/home/sunscript/fula/fastq/su07a1_R1.fastq.gz	/home/sunscript/fula/fastq/su07a1_R2.fastq.gz
su07a2	/home/sunscript/fula/fastq/su07a2_R1.fastq.gz	/home/sunscript/fula/fastq/su07a2_R2.fastq.gz
su07c1	/home/sunscript/fula/fastq/su07c1_R1.fastq.gz	/home/sunscript/fula/fastq/su07c1_R2.fastq.gz
su07c2	/home/sunscript/fula/fastq/su07c2_R1.fastq.gz	/home/sunscript/fula/fastq/su07c2_R2.fastq.gz
su08a1	/home/sunscript/fula/fastq/su08a1_R1.fastq.gz	/home/sunscript/fula/fastq/su08a1_R2.fastq.gz
su08a2	/home/sunscript/fula/fastq/su08a2_R1.fastq.gz	/home/sunscript/fula/fastq/su08a2_R2.fastq.gz
su08c1	/home/sunscript/fula/fastq/su08c1_R1.fastq.gz	/home/sunscript/fula/fastq/su08c1_R2.fastq.gz
su08c2	/home/sunscript/fula/fastq/su08c2_R1.fastq.gz	/home/sunscript/fula/fastq/su08c2_R2.fastq.gz
su09a1	/home/sunscript/fula/fastq/su09a1_R1.fastq.gz	/home/sunscript/fula/fastq/su09a1_R2.fastq.gz
su09c1	/home/sunscript/fula/fastq/su09c1_R1.fastq.gz	/home/sunscript/fula/fastq/su09c1_R2.fastq.gz
su10a1	/home/sunscript/fula/fastq/su10a1_R1.fastq.gz	/home/sunscript/fula/fastq/su10a1_R2.fastq.gz
su10a2	/home/sunscript/fula/fastq/su10a2_R1.fastq.gz	/home/sunscript/fula/fastq/su10a2_R2.fastq.gz
su10c1	/home/sunscript/fula/fastq/su10c1_R1.fastq.gz	/home/sunscript/fula/fastq/su10c1_R2.fastq.gz
su10c2	/home/sunscript/fula/fastq/su10c2_R1.fastq.gz	/home/sunscript/fula/fastq/su10c2_R2.fastq.gz
su11a1	/home/sunscript/fula/fastq/su11a1_R1.fastq.gz	/home/sunscript/fula/fastq/su11a1_R2.fastq.gz
su11a2	/home/sunscript/fula/fastq/su11a2_R1.fastq.gz	/home/sunscript/fula/fastq/su11a2_R2.fastq.gz
su11c1	/home/sunscript/fula/fastq/su11c1_R1.fastq.gz	/home/sunscript/fula/fastq/su11c1_R2.fastq.gz
su11c2	/home/sunscript/fula/fastq/su11c2_R1.fastq.gz	/home/sunscript/fula/fastq/su11c2_R2.fastq.gz
su12a1	/home/sunscript/fula/fastq/su12a1_R1.fastq.gz	/home/sunscript/fula/fastq/su12a1_R2.fastq.gz
su12a2	/home/sunscript/fula/fastq/su12a2_R1.fastq.gz	/home/sunscript/fula/fastq/su12a2_R2.fastq.gz
su12c1	/home/sunscript/fula/fastq/su12c1_R1.fastq.gz	/home/sunscript/fula/fastq/su12c1_R2.fastq.gz
su12c2	/home/sunscript/fula/fastq/su12c2_R1.fastq.gz	/home/sunscript/fula/fastq/su12c2_R2.fastq.gz
su13a1	/home/sunscript/fula/fastq/su13a1_R1.fastq.gz	/home/sunscript/fula/fastq/su13a1_R2.fastq.gz
su13a2	/home/sunscript/fula/fastq/su13a2_R1.fastq.gz	/home/sunscript/fula/fastq/su13a2_R2.fastq.gz
su13c1	/home/sunscript/fula/fastq/su13c1_R1.fastq.gz	/home/sunscript/fula/fastq/su13c1_R2.fastq.gz
su13c2	/home/sunscript/fula/fastq/su13c2_R1.fastq.gz	/home/sunscript/fula/fastq/su13c2_R2.fastq.gz
su14a1	/home/sunscript/fula/fastq/su14a1_R1.fastq.gz	/home/sunscript/fula/fastq/su14a1_R2.fastq.gz
su14c1	/home/sunscript/fula/fastq/su14c1_R1.fastq.gz	/home/sunscript/fula/fastq/su14c1_R2.fastq.gz
su15a1	/home/sunscript/fula/fastq/su15a1_R1.fastq.gz	/home/sunscript/fula/fastq/su15a1_R2.fastq.gz
su15a2	/home/sunscript/fula/fastq/su15a2_R1.fastq.gz	/home/sunscript/fula/fastq/su15a2_R2.fastq.gz
su15c1	/home/sunscript/fula/fastq/su15c1_R1.fastq.gz	/home/sunscript/fula/fastq/su15c1_R2.fastq.gz
su15c2	/home/sunscript/fula/fastq/su15c2_R1.fastq.gz	/home/sunscript/fula/fastq/su15c2_R2.fastq.gz
su16a1	/home/sunscript/fula/fastq/su16a1_R1.fastq.gz	/home/sunscript/fula/fastq/su16a1_R2.fastq.gz
su16a2	/home/sunscript/fula/fastq/su16a2_R1.fastq.gz	/home/sunscript/fula/fastq/su16a2_R2.fastq.gz
su16c1	/home/sunscript/fula/fastq/su16c1_R1.fastq.gz	/home/sunscript/fula/fastq/su16c1_R2.fastq.gz
su16c2	/home/sunscript/fula/fastq/su16c2_R1.fastq.gz	/home/sunscript/fula/fastq/su16c2_R2.fastq.gz
su17a1	/home/sunscript/fula/fastq/su17a1_R1.fastq.gz	/home/sunscript/fula/fastq/su17a1_R2.fastq.gz
su17a2	/home/sunscript/fula/fastq/su17a2_R1.fastq.gz	/home/sunscript/fula/fastq/su17a2_R2.fastq.gz
su17c1	/home/sunscript/fula/fastq/su17c1_R1.fastq.gz	/home/sunscript/fula/fastq/su17c1_R2.fastq.gz
su17c2	/home/sunscript/fula/fastq/su17c2_R1.fastq.gz	/home/sunscript/fula/fastq/su17c2_R2.fastq.gz
su18a1	/home/sunscript/fula/fastq/su18a1_R1.fastq.gz	/home/sunscript/fula/fastq/su18a1_R2.fastq.gz
su18a2	/home/sunscript/fula/fastq/su18a2_R1.fastq.gz	/home/sunscript/fula/fastq/su18a2_R2.fastq.gz
su18c1	/home/sunscript/fula/fastq/su18c1_R1.fastq.gz	/home/sunscript/fula/fastq/su18c1_R2.fastq.gz
su18c2	/home/sunscript/fula/fastq/su18c2_R1.fastq.gz	/home/sunscript/fula/fastq/su18c2_R2.fastq.gz
su19a1	/home/sunscript/fula/fastq/su19a1_R1.fastq.gz	/home/sunscript/fula/fastq/su19a1_R2.fastq.gz
su19a2	/home/sunscript/fula/fastq/su19a2_R1.fastq.gz	/home/sunscript/fula/fastq/su19a2_R2.fastq.gz
su19c1	/home/sunscript/fula/fastq/su19c1_R1.fastq.gz	/home/sunscript/fula/fastq/su19c1_R2.fastq.gz
su19c2	/home/sunscript/fula/fastq/su19c2_R1.fastq.gz	/home/sunscript/fula/fastq/su19c2_R2.fastq.gz
su20a1	/home/sunscript/fula/fastq/su20a1_R1.fastq.gz	/home/sunscript/fula/fastq/su20a1_R2.fastq.gz
su20a2	/home/sunscript/fula/fastq/su20a2_R1.fastq.gz	/home/sunscript/fula/fastq/su20a2_R2.fastq.gz
su20c1	/home/sunscript/fula/fastq/su20c1_R1.fastq.gz	/home/sunscript/fula/fastq/su20c1_R2.fastq.gz
su20c2	/home/sunscript/fula/fastq/su20c2_R1.fastq.gz	/home/sunscript/fula/fastq/su20c2_R2.fastq.gz
su21a1	/home/sunscript/fula/fastq/su21a1_R1.fastq.gz	/home/sunscript/fula/fastq/su21a1_R2.fastq.gz
su21a2	/home/sunscript/fula/fastq/su21a2_R1.fastq.gz	/home/sunscript/fula/fastq/su21a2_R2.fastq.gz
su21c1	/home/sunscript/fula/fastq/su21c1_R1.fastq.gz	/home/sunscript/fula/fastq/su21c1_R2.fastq.gz
su21c2	/home/sunscript/fula/fastq/su21c2_R1.fastq.gz	/home/sunscript/fula/fastq/su21c2_R2.fastq.gz
su22a1	/home/sunscript/fula/fastq/su22a1_R1.fastq.gz	/home/sunscript/fula/fastq/su22a1_R2.fastq.gz
su22c1	/home/sunscript/fula/fastq/su22c1_R1.fastq.gz	/home/sunscript/fula/fastq/su22c1_R2.fastq.gz
su23a1	/home/sunscript/fula/fastq/su23a1_R1.fastq.gz	/home/sunscript/fula/fastq/su23a1_R2.fastq.gz
su23a2	/home/sunscript/fula/fastq/su23a2_R1.fastq.gz	/home/sunscript/fula/fastq/su23a2_R2.fastq.gz
su23c1	/home/sunscript/fula/fastq/su23c1_R1.fastq.gz	/home/sunscript/fula/fastq/su23c1_R2.fastq.gz
su23c2	/home/sunscript/fula/fastq/su23c2_R1.fastq.gz	/home/sunscript/fula/fastq/su23c2_R2.fastq.gz
su24a1	/home/sunscript/fula/fastq/su24a1_R1.fastq.gz	/home/sunscript/fula/fastq/su24a1_R2.fastq.gz
su24a2	/home/sunscript/fula/fastq/su24a2_R1.fastq.gz	/home/sunscript/fula/fastq/su24a2_R2.fastq.gz
su24c1	/home/sunscript/fula/fastq/su24c1_R1.fastq.gz	/home/sunscript/fula/fastq/su24c1_R2.fastq.gz
su24c2	/home/sunscript/fula/fastq/su24c2_R1.fastq.gz	/home/sunscript/fula/fastq/su24c2_R2.fastq.gz
su25a1	/home/sunscript/fula/fastq/su25a1_R1.fastq.gz	/home/sunscript/fula/fastq/su25a1_R2.fastq.gz
su25a2	/home/sunscript/fula/fastq/su25a2_R1.fastq.gz	/home/sunscript/fula/fastq/su25a2_R2.fastq.gz
su25c1	/home/sunscript/fula/fastq/su25c1_R1.fastq.gz	/home/sunscript/fula/fastq/su25c1_R2.fastq.gz
su25c2	/home/sunscript/fula/fastq/su25c2_R1.fastq.gz	/home/sunscript/fula/fastq/su25c2_R2.fastq.gz
su26a1	/home/sunscript/fula/fastq/su26a1_R1.fastq.gz	/home/sunscript/fula/fastq/su26a1_R2.fastq.gz
su26a2	/home/sunscript/fula/fastq/su26a2_R1.fastq.gz	/home/sunscript/fula/fastq/su26a2_R2.fastq.gz
su26c1	/home/sunscript/fula/fastq/su26c1_R1.fastq.gz	/home/sunscript/fula/fastq/su26c1_R2.fastq.gz
su26c2	/home/sunscript/fula/fastq/su26c2_R1.fastq.gz	/home/sunscript/fula/fastq/su26c2_R2.fastq.gz
su27a1	/home/sunscript/fula/fastq/su27a1_R1.fastq.gz	/home/sunscript/fula/fastq/su27a1_R2.fastq.gz
su27a2	/home/sunscript/fula/fastq/su27a2_R1.fastq.gz	/home/sunscript/fula/fastq/su27a2_R2.fastq.gz
su27c1	/home/sunscript/fula/fastq/su27c1_R1.fastq.gz	/home/sunscript/fula/fastq/su27c1_R2.fastq.gz
su27c2	/home/sunscript/fula/fastq/su27c2_R1.fastq.gz	/home/sunscript/fula/fastq/su27c2_R2.fastq.gz
su28a1	/home/sunscript/fula/fastq/su28a1_R1.fastq.gz	/home/sunscript/fula/fastq/su28a1_R2.fastq.gz
su28a2	/home/sunscript/fula/fastq/su28a2_R1.fastq.gz	/home/sunscript/fula/fastq/su28a2_R2.fastq.gz
su28c1	/home/sunscript/fula/fastq/su28c1_R1.fastq.gz	/home/sunscript/fula/fastq/su28c1_R2.fastq.gz
su28c2	/home/sunscript/fula/fastq/su28c2_R1.fastq.gz	/home/sunscript/fula/fastq/su28c2_R2.fastq.gz
su29a1	/home/sunscript/fula/fastq/su29a1_R1.fastq.gz	/home/sunscript/fula/fastq/su29a1_R2.fastq.gz
su29a2	/home/sunscript/fula/fastq/su29a2_R1.fastq.gz	/home/sunscript/fula/fastq/su29a2_R2.fastq.gz
su29c1	/home/sunscript/fula/fastq/su29c1_R1.fastq.gz	/home/sunscript/fula/fastq/su29c1_R2.fastq.gz
su29c2	/home/sunscript/fula/fastq/su29c2_R1.fastq.gz	/home/sunscript/fula/fastq/su29c2_R2.fastq.gz
su30a1	/home/sunscript/fula/fastq/su30a1_R1.fastq.gz	/home/sunscript/fula/fastq/su30a1_R2.fastq.gz
su30a2	/home/sunscript/fula/fastq/su30a2_R1.fastq.gz	/home/sunscript/fula/fastq/su30a2_R2.fastq.gz
su30c1	/home/sunscript/fula/fastq/su30c1_R1.fastq.gz	/home/sunscript/fula/fastq/su30c1_R2.fastq.gz
su30c2	/home/sunscript/fula/fastq/su30c2_R1.fastq.gz	/home/sunscript/fula/fastq/su30c2_R2.fastq.gz
